Nombre,Empresa,Fecha,HoraInicio,HoraFinal
Show de Fuego,Fiestas El Toro,2025-07-10,20:00,21:00
Baile de Sombras,Eventos La Noche,2025-07-11,19:30,20:30
Magia y Risa,Producciones Alegría,2025-07-12,18:00,19:00
Cascada de Luz,Luces del Valle,2025-07-13,21:00,22:00
Carnaval Acuático,Acuashow Eventos,2025-07-14,15:00,16:30
Circo del Aire,Circo Fantasía,2025-07-15,17:00,18:00
Tambores del Sol,Sonidos Andinos,2025-07-16,16:00,17:00
Noche de Estrellas,Brillantes Eventos,2025-07-17,20:00,21:00
Marionetas Fantásticas,Arte y Títeres,2025-07-18,11:00,12:00
Zancudos del Mundo,Alturas Global,2025-07-19,14:00,15:00
Luces en el Lago,Reflejos Show,2025-07-20,20:30,21:30
Fantasía Medieval,Eventos Castillo,2025-07-21,19:00,20:00
Cuentos del Bosque,Historias Vivas,2025-07-22,10:30,11:30
Teatro en la Calle,Escena Libre,2025-07-23,13:00,14:00
Danza de Colores,Movimiento Vivo,2025-07-24,17:30,18:30
Espectáculo 1,Teatro ABC,2025-05-06,23:28,23:28
Espectáculo 1,Teatro ABC,2025-05-06,23:28,23:28
Espectáculo 1,Teatro ABC,2025-05-07,00:05,00:05
Espectáculo 1,Teatro ABC,2025-05-07,00:05,00:05
